|To Kill a Mockingbird|Lee, Harper||1960|FICTION|4.26|
|1984|Orwell, George||1948|FICTION|4.20|
|The Great Gatsby|Fitzgerald, F. Scott||1925|FICTION|3.93|
|Animal Farm|Orwell, George||1945|FICTION|4.02|
|The Hobbit, or There and Back Again|Toliken, J.R.R.||1937|FICTION|4.30|
|The Little Prince|de Saint-Exupéry, Antoine||1943|FICTION|4.33|
|Fahrenheit 451|Bradbury, Ray||1953|FICTION|3.97|
|The Catcher in the Rye|Salinger, J.D.||1951|FICTION|3.80|
|The Lion, the Witch and the Wardrobe|Lewis, C.S.||1950|FICTION|4.24|
|The Grapes of Wrath|Steinbeck, John||1939|FICTION|4.03|
|One Hundred Years of Solitude|Garcia Marquez, Gabriel||1967|FICTION|4.12|
|Brave New World|Huxley, Aldous||1932|FICTION|3.98|
|Gone with the Wind|Mitchell, Margaret||1936|FICTION|4.31|
|Of Mice and Men|Steinbeck, John||1937|FICTION|3.90|
|The Giver|Lowry, Lois||1993|FICTION|4.12|
|Lord of the Flies|Golding, William||1954|FICTION|3.70|
|Slaughterhouse-Five|Vonnegut Jr., Kurt||1969|FICTION|4.10|
|East of Eden|Steinbeck, John||1952|FICTION|4.45|
|The Handmaid's Tale|Atwood, Margaret||1985|FICTION|4.15|
|The Fellowship of the Ring|Tolkien, J.R.R||1954|FICTION|4.41|
|One Flew Over the Cuckoo’s Nest|Kesey, Ken||1962|FICTION|4.20|
|The Stranger|Camus, Albert||1942|FICTION|4.03|
|Memoirs of a Geisha|Golden, Arthur||1997|FICTION|4.16|
|The Ultimate Hitchhiker’s Guide to the Galaxy|Adams, Douglas||1996|FICTION|4.38|
|Charlotte’s Web|White, E.B.||1952|FICTION|4.21|
|The Chronicles of Narnia|Lewis, C.S.||1956|FICTION|4.28|
|The Old Man and the Sea|Hemingway, Ernest||1952|FICTION|3.81|
|A Wrinkle in Time|L'Engle, Madeleine||1962|FICTION|3.97|
|The Return of the King|Tolkien, J.R.R.||1955|FICTION|4.58|
|Ender’s Game|Card, Orson Scott||1985|FICTION|4.31|
|The Giving Tree|Silverstein, Shel||1964|FICTION|4.39|
|The Two Towers|Tolkien, J.R.R||1954|FICTION|4.51|
|Night|Wiesel, Elie||1956|NONFICTION|4.38|
|The Bell Jar|Plath, Sylvia||1963|FICTION|4.04|
|A Tree Grows in Brooklyn|Smith, Betty||1943|FICTION|4.30|
|The Alchemist|Coelho, Paulo||1988|FICTION|3.92|
|Watership Down|Adams, Richard||1972|FICTION|4.09|
|Anne of Green Gables|Montgomery, L.M.||1908|FICTION|4.33|
|In Cold Blood|Capote, Truman||1966|NONFICTION|4.09|
|The Color Purple|Walker, Alice||1982|FICTION|4.28|
|Green Eggs and Ham|Seuss, Dr.||1960|FICTION|4.32|
|The Metamorphosis|Kafka, Franz||1915|FICTION|3.91|
|Atlas Shrugged|Rand, Ayn||1957|FICTION|3.69|
|The Poisonwood Bible|Kingsolver, Barbara||1998|FICTION|4.11|
|Love in the Time of Cholera|Garcia Marquez, Gabriel||1985|FICTION|3.94|
|The Secret Garden|Hodgson Burnett, Frances||1911|FICTION|4.17|
|Rebecca|du Maurier, Daphne||1922|FICTION|4.25|
|Siddhartha|Hesse, Hermann||1922|FICTION|4.09|
|The Complete Sherlock Holmes|Conan Doyle, Arthur||1887|FICTION|4.51|
|The Name of the Rose|Eco, Umberto||1980|FICTION|4.14|
|Dune|Herbert, Frank||1965|FICTION|4.29|
|The Unbearable Lightness of Being|Kundera, Milan||1984|FICTION|4.10|
|The Stand|King, Stephen||1978|FICTION|4.35|
|A Prayer for Owen Meany|Irving, John||1989|FICTION|4.24|
|Where the Wild Things Are|Sendak, Maurice||1963|FICTION|4.26|
|Charlie and the Chocolate Factory|Dahl, Roald||1964|FICTION|4.17|
|The Lorax|Seuss, Dr.||1971|FICTION|4.35|
|The Pillars of the Earth|Follett, Ken||1989|FICTION|4.35|
|The Master and Margarita|Bulgakov, Mikhail||1967|FICTION|4.28|
|The Outsiders|Hinton, S.E.||1967|FICTION|4.15|
|The Hitchhiker’s Guide to the Galaxy|Adams, Douglas||1979|FICTION|4.22|
|On the Road|Kerouac, Jack||1957|FICTION|3.61|
|Ulysses|Joyce, James||1922|FICTION|3.76|
|The Sun Also Rises|Hemingway, Ernest||1926|FICTION|3.79|
|All Quiet on the Western Front|Remarque, Erich Maria||1928|FICTION|4.12|
|Beloved|Morrison, Toni||1987|FICTION|3.98|
|The Good Earth|Buck, Pearl S.||1931|FICTION|4.01|
|A Confederacy of Dunces|Toole, John Kennedy||1980|FICTION|3.89|
|Angela's Ashes|McCourt, Frank||1996|FICTION|4.16|
|The Joy Luck Club|Tan, Amy||1989|FICTION|3.97|
|For Whom the Bell Tolls|Hemingway, Ernest||1943|FICTION|3.99|
|The Fountainhead|Rand, Ayn||1943|FICTION|3.89|
|The Sound and the Fury|Faulkner, William||1929|FICTION|3.86|
|The World According to Garp|Irving, John||1978|FICTION|4.11|
|A Clockwork Orange|Burgess, Anthony||1962|FICTION|4.00|
|Little House on the Prairie|Ingalls Wilder, Laura||1925|FICTION|4.21|
|Their Eyes Were Watching God|Hurston, Zora Neale||1937|FICTION|3.99|
|A Farewell to Arms|Hemingway, Ernest||1929|FICTION|3.82|
|Invisible Man|Ellison, Ralph||1952|FICTION|3.92|
|Flowers for Algernon|Keyes, Daniel||1966|FICTION|4.24|
|Where the Red Fern Grows|Rawls, Wilson||1951|FICTION|4.13|
|Mere Christianity|Lewis, C.S.||1952|NONFICTION|4.37|
|Waiting for Godot|Beckett, Samuel||1951|FICTION|3.84|
|Lonesome Dove|McMurtry, Larry||1985|FICTION|4.59|
|The Things They Carried|O'Brien, Tim||1990|FICTION|4.15|
|The Red Tent|Diamant, Anita||1997|FICTION|4.21|
|Sophie’s Choice|Styron, William||1979|FICTION|4.17|
|To the Lighthouse|Woolf, Virginia||1927|FICTION|3.81|
|Fear and Loathing in Las Vegas|Thompson, Hunter S.||1971|FICTION|4.06|
|Blindness|Saramago, Jose||1995|FICTION|4.18|
|Franny and Zooey|Salinger, J.D.||1957|FICTION|3.96|
|Cat’s Cradle|Vonnegut Jr., Kurt||1963|FICTION|4.15|
|A Portrait of the Artist As a Young Man|Joyce, James||1916|FICTION|3.64|
|Winnie-the-Pooh|Milne, A.A.||1926|FICTION|4.37|
|And Then There Were None|Christie, Agatha||1939|FICTION|4.27|
|Powers That Be|McCaffrey, Anne|Scarborough, Elizabeth Anne|1966|FICTION|3.93|
|The Long Earth|Pratchett, Terry|Baxter, Stephen|2012|FICTION|3.79|
|The Two Georges|Dreyfuss, Richard|Turtledove, Harry|1996|FICTION|3.59|
|Even Money|Francis, Dick|Francis, Felix|2009|FICTION|3.82|
|The Elements of Style|Strunk Jr., William||1918|NONFICTION|4.18|
|I Know Why the Caged Bird Sings|Angelou, Maya||1969|NONFICTION|4.30|
|Fast Food Nation: The Dark Side of the All-American Meal|Schlosser, Eric||2001|NONFICTION|3.75|
|The Omnivore's Dilemma: A Natural History of Four Meals|Pollan, Michael||2006|NONFICTION|4.19|
|On Writing: A Memoir of the Craft|King, Stephen||2000|NONFICTION|4.34|
|Maus: A Survivor's Tale I|Spiegelman, Art||1986|NONFICTION|4.39|
|A Walk in the Woods: Rediscovering America on the App Trail|Bryson, Bill||1998|NONFICTION|4.07|
|Guns, Germs, and Steel: The Fates of Human Societies|Diamond, Jared||1997|NONFICTION|4.04|
|Hiroshima|Hersey, John||1946|NONFICTION|4.06|
|The Tumbleweed Murders|Rebecca Rothenberg|Taffy Cannon|2001|FICTION|3.88|
|The 7 Habits of Highly Effective People: Powerful Lessons etc.|Covey, Stephen R.|Collins, Jim|1989|SELF_HELP|4.16|
|The Four Agreements: A Practical Guide to Personal Freedom|Ruiz, Miguel Ruiz|Mills, Janet|1997|SELF_HELP|4.19|
|Reinvent Yourself|Altucher, James||2017|SELF_HELP|3.82|
|Handbook for Mortals|Sarem, Lani||2017|FICTION|1.31|
